,n_samples,n_classes,n_features,n_channels
mean,26179.12154340836,67.16098606645231,0.0,0.0
std,51651.249620509894,69.12484060798204,1.0,1.0
