,n_samples,n_classes,n_features,n_channels
mean,478.33608815427,19.93067033976125,0.0,0.0
std,6.096683372475536,0.2540284738531473,1.0,1.0
