,n_samples,n_classes,n_features,n_channels
mean,3201.156440350617,133.38151834794235,0.0,0.0
std,4802.791856078969,200.11632733662373,1.0,1.0
